{
    "baseline_acc": 29.001074113856067,
    "basline_acc_top3": 54.7798066595059,
    "zw2v_acc": 27.819548872180448,
    "zw2v_acc_top3": 53.92051557465092
}